epoch,time,train/box_loss,train/cls_loss,train/dfl_loss,metrics/precision(B),metrics/recall(B),metrics/mAP50(B),metrics/mAP50-95(B),val/box_loss,val/cls_loss,val/dfl_loss,lr/pg0,lr/pg1,lr/pg2
1,41.4646,5.19162,13.6481,3.18266,3e-05,0.00704,1e-05,0,7.00616,753.61,4.29412,0.000662835,0.000662835,0.000662835
2,75.9061,6.08922,7.95357,3.58218,3e-05,0.00704,1e-05,0,7.40011,inf,23.4249,0.00132424,0.00132424,0.00132424
3,110.221,6.40113,8.42852,3.66565,3e-05,0.00704,1e-05,0,nan,nan,nan,0.00198036,0.00198036,0.00198036
4,144.554,6.18756,8.34232,3.53948,0.00303,0.09155,0.00179,0.00047,6.53041,8.96759,3.94905,0.00197624,0.00197624,0.00197624
5,178.768,6.00222,8.06223,3.43789,0.00581,0.00704,0.00117,0.00029,6.47083,11.4711,3.34889,0.00196832,0.00196832,0.00196832
6,212.795,5.93569,7.63204,3.46307,0.06971,0.01408,0.00707,0.00156,5.85126,8.45368,3.12453,0.0019604,0.0019604,0.0019604
7,247.014,5.89491,7.30119,3.3957,0.02307,0.00704,0.00338,0.00092,6.25622,13.1097,3.38593,0.00195248,0.00195248,0.00195248
8,281.027,5.66516,7.15781,3.35345,0.01096,0.14085,0.00601,0.00144,6.5545,10.1286,3.41114,0.00194456,0.00194456,0.00194456
9,315.001,5.52674,6.85535,3.31483,0.00329,0.14085,0.00226,0.00061,6.59777,9.30418,3.53909,0.00193664,0.00193664,0.00193664
10,348.866,5.56518,6.7092,3.20928,0.01152,0.06338,0.0046,0.00123,6.44177,8.47046,3.27202,0.00192872,0.00192872,0.00192872
11,382.781,5.36034,6.25801,3.08289,0.01171,0.09155,0.00671,0.00194,6.09142,8.2633,3.17521,0.0019208,0.0019208,0.0019208
12,416.797,5.06832,5.77428,3.01292,0.04603,0.03521,0.01281,0.00318,5.91907,7.57628,3.25747,0.00191288,0.00191288,0.00191288
13,450.885,5.03838,5.88507,2.99639,0.01088,0.33803,0.01133,0.00291,6.38233,7.26961,3.32019,0.00190496,0.00190496,0.00190496
14,484.867,4.93359,5.74712,2.98813,0.03883,0.02113,0.01004,0.00246,5.99939,7.65842,3.39232,0.00189704,0.00189704,0.00189704
15,518.985,5.09925,5.71723,3.03258,0.00917,0.44366,0.01245,0.00301,5.98453,6.61333,3.07114,0.00188912,0.00188912,0.00188912
16,553.001,4.79023,5.47721,2.94394,0.00761,0.51408,0.01033,0.00248,5.83104,8.23717,3.20682,0.0018812,0.0018812,0.0018812
17,587.074,4.81012,5.28359,2.89379,0.02016,0.27465,0.01204,0.00303,5.70783,8.7767,3.1742,0.00187328,0.00187328,0.00187328
18,621.181,4.63084,5.1124,2.84808,0.01027,0.51408,0.0164,0.00455,5.83884,6.58574,3.38065,0.00186536,0.00186536,0.00186536
19,655.349,4.61123,4.93131,2.84038,0.0595,0.04225,0.03052,0.00875,5.70467,6.66442,3.21242,0.00185744,0.00185744,0.00185744
20,689.786,4.4364,4.78135,2.78896,0.07258,0.02817,0.0208,0.0052,5.62675,6.62162,3.20797,0.00184952,0.00184952,0.00184952
21,723.82,4.47888,4.75436,2.74082,0.13447,0.06338,0.03662,0.0095,5.43845,6.07451,3.18019,0.0018416,0.0018416,0.0018416
22,757.94,4.4609,4.63177,2.69793,0.09256,0.09859,0.04296,0.0096,5.37914,8.13487,2.98075,0.00183368,0.00183368,0.00183368
23,792.255,4.34267,4.64561,2.73665,0.07973,0.09859,0.03066,0.00784,5.61956,7.08288,3.22032,0.00182576,0.00182576,0.00182576
24,826.303,4.40034,4.67085,2.72252,0.10384,0.09155,0.04782,0.01246,5.64752,5.71778,3.17125,0.00181784,0.00181784,0.00181784
25,860.438,4.29257,4.36227,2.68278,0.12994,0.09155,0.04063,0.00812,5.76742,6.71213,3.10588,0.00180992,0.00180992,0.00180992
26,894.545,4.45423,4.56652,2.75511,0.12907,0.08451,0.0346,0.00748,5.93165,5.74341,3.12255,0.001802,0.001802,0.001802
27,928.804,4.30557,4.30106,2.65976,0.06567,0.03521,0.04076,0.01055,5.6753,5.64073,3.1035,0.00179408,0.00179408,0.00179408
28,963.008,4.13466,4.31948,2.56881,0.09842,0.15493,0.04838,0.01108,5.62477,6.30671,3.19172,0.00178616,0.00178616,0.00178616
29,997.139,4.12918,4.13534,2.62163,0.18283,0.0493,0.04588,0.01244,5.85779,5.85116,3.19113,0.00177824,0.00177824,0.00177824
30,1031.49,4.18482,4.04392,2.61652,0.10926,0.11972,0.05945,0.01508,5.31183,6.82856,3.04176,0.00177032,0.00177032,0.00177032
31,1065.72,4.05033,3.90941,2.58771,0.10212,0.11214,0.04255,0.01117,5.61102,5.5069,3.16649,0.0017624,0.0017624,0.0017624
32,1099.87,3.96929,3.78537,2.53243,0.07095,0.07042,0.04164,0.01167,5.33235,6.09315,3.10164,0.00175448,0.00175448,0.00175448
33,1134.08,3.93372,3.80223,2.52413,0.13952,0.07042,0.07191,0.02201,5.62645,5.28043,3.15705,0.00174656,0.00174656,0.00174656
34,1168.23,3.97922,3.91773,2.54382,0.11437,0.07042,0.05844,0.01562,5.6392,5.55151,3.13562,0.00173864,0.00173864,0.00173864
35,1202.42,3.93174,3.74044,2.53152,0.12419,0.09155,0.05883,0.01619,5.42694,nan,3.05761,0.00173072,0.00173072,0.00173072
36,1236.67,3.95501,3.57544,2.52305,0.22007,0.11972,0.10162,0.02962,5.00985,5.43037,2.93318,0.0017228,0.0017228,0.0017228
37,1270.92,3.87421,3.64896,2.40487,0.13279,0.07746,0.06802,0.02127,5.48845,5.12398,2.96369,0.00171488,0.00171488,0.00171488
38,1305.06,3.6865,3.59854,2.43917,0.18949,0.1338,0.07983,0.02019,5.62046,5.04695,3.24313,0.00170696,0.00170696,0.00170696
39,1339.25,3.7707,3.56744,2.40909,0.13858,0.11268,0.0597,0.01701,5.06956,4.85767,2.93019,0.00169904,0.00169904,0.00169904
40,1373.46,3.7305,3.57412,2.491,0.13047,0.11972,0.0792,0.02358,5.18137,4.74475,3.07928,0.00169112,0.00169112,0.00169112
41,1407.52,3.74626,3.3962,2.42848,0.12391,0.11268,0.07924,0.02176,5.30029,5.61781,3.11989,0.0016832,0.0016832,0.0016832
42,1441.48,3.60667,3.20965,2.42899,0.24909,0.11268,0.10237,0.03593,5.20646,4.75577,3.06144,0.00167528,0.00167528,0.00167528
43,1475.8,3.73218,3.3126,2.42887,0.16782,0.17606,0.09297,0.0297,5.30511,5.29311,2.98298,0.00166736,0.00166736,0.00166736
44,1509.71,3.64617,3.42109,2.42889,0.19794,0.14085,0.08471,0.02375,5.09954,4.5903,2.93285,0.00165944,0.00165944,0.00165944
45,1543.9,3.80145,3.30807,2.40818,0.19306,0.16197,0.08015,0.02169,5.41777,5.75916,3.08098,0.00165152,0.00165152,0.00165152
46,1578.13,3.52742,3.12247,2.34833,0.17195,0.12676,0.10687,0.03068,5.03371,4.46165,2.92693,0.0016436,0.0016436,0.0016436
47,1612.18,3.506,3.02246,2.34488,0.22693,0.19014,0.13368,0.0385,4.73561,4.85545,2.92816,0.00163568,0.00163568,0.00163568
48,1646.43,3.56172,3.21367,2.39671,0.20969,0.1338,0.11301,0.03449,5.33751,4.43712,3.02596,0.00162776,0.00162776,0.00162776
49,1680.57,3.56418,3.11746,2.34821,0.32104,0.15493,0.12962,0.04193,4.91444,4.41154,3.07534,0.00161984,0.00161984,0.00161984
50,1714.83,3.58463,3.1755,2.39556,0.38278,0.21127,0.19804,0.05724,5.14368,4.70754,3.11182,0.00161192,0.00161192,0.00161192
51,1749.1,3.56013,3.01323,2.36964,0.21614,0.14789,0.11516,0.03631,5.01432,nan,2.97409,0.001604,0.001604,0.001604
52,1783.27,3.51709,3.15346,2.33434,0.17171,0.16197,0.10585,0.03578,4.90748,nan,3.02861,0.00159608,0.00159608,0.00159608
53,1817.33,3.50143,3.04185,2.35093,0.15228,0.19718,0.10137,0.03162,5.23108,4.71846,2.94675,0.00158816,0.00158816,0.00158816
54,1851.59,3.54075,2.93689,2.32839,0.22429,0.1831,0.11666,0.03944,5.22339,5.00802,3.00098,0.00158024,0.00158024,0.00158024
55,1885.85,3.42521,2.92683,2.2932,0.30811,0.1819,0.14599,0.04377,5.0945,4.98806,2.96159,0.00157232,0.00157232,0.00157232
56,1920.26,3.32979,2.85719,2.28189,0.19935,0.19014,0.12215,0.03426,5.10078,nan,2.94532,0.0015644,0.0015644,0.0015644
57,1954.51,3.40189,2.90318,2.31133,0.3054,0.19718,0.14584,0.0446,4.99669,4.93604,2.88455,0.00155648,0.00155648,0.00155648
58,1988.77,3.40961,2.88905,2.32016,0.31848,0.16457,0.13279,0.04065,5.14653,4.83551,2.90807,0.00154856,0.00154856,0.00154856
59,2023.08,3.33448,2.75967,2.27926,0.32126,0.16901,0.15157,0.04931,5.12435,4.63361,2.97179,0.00154064,0.00154064,0.00154064
60,2057.27,3.37411,2.86794,2.28531,0.3708,0.24648,0.21485,0.06664,4.7287,nan,2.93668,0.00153272,0.00153272,0.00153272
61,2091.58,3.27449,2.74906,2.27811,0.31164,0.22535,0.17383,0.05279,4.9174,4.31454,2.92141,0.0015248,0.0015248,0.0015248
62,2125.8,3.30235,2.79879,2.23099,0.4958,0.14085,0.15603,0.05114,nan,nan,nan,0.00151688,0.00151688,0.00151688
63,2159.92,3.29706,2.70331,2.24432,0.30148,0.21831,0.18091,0.0632,4.88537,4.69848,2.84571,0.00150896,0.00150896,0.00150896
64,2194.15,3.15219,2.60386,2.21123,0.24807,0.22535,0.16947,0.05308,4.62708,4.12461,2.84699,0.00150104,0.00150104,0.00150104
65,2228.1,3.13862,2.49049,2.18865,0.33768,0.22535,0.18443,0.05991,5.15414,4.32655,3.05257,0.00149312,0.00149312,0.00149312
66,2262.37,3.22196,2.50891,2.24038,0.30537,0.22535,0.16708,0.05304,4.73957,3.81418,2.87877,0.0014852,0.0014852,0.0014852
67,2296.66,3.24889,2.65774,2.25291,0.37874,0.22535,0.19592,0.0686,4.94211,4.05498,2.91279,0.00147728,0.00147728,0.00147728
68,2330.85,3.19667,2.59704,2.2382,0.33334,0.22535,0.18907,0.0608,4.7266,4.28908,2.92407,0.00146936,0.00146936,0.00146936
69,2365.23,3.09545,2.41672,2.20071,0.35261,0.1831,0.20188,0.06728,4.68922,3.71663,2.91963,0.00146144,0.00146144,0.00146144
70,2399.39,3.10361,2.61457,2.24206,0.33553,0.30282,0.22312,0.07523,4.69757,4.34086,2.96998,0.00145352,0.00145352,0.00145352
71,2433.63,3.14181,2.45294,2.17534,0.56201,0.16197,0.19819,0.06284,5.03767,4.46097,3.09014,0.0014456,0.0014456,0.0014456
72,2468,3.06835,2.46986,2.17578,0.41094,0.32425,0.26478,0.08403,4.62583,4.86037,2.85428,0.00143768,0.00143768,0.00143768
73,2502.29,3.02101,2.4505,2.20265,0.40023,0.32425,0.23562,0.07802,4.88768,4.1594,2.99067,0.00142976,0.00142976,0.00142976
74,2536.55,3.05516,2.36972,2.22061,0.2716,0.27465,0.21136,0.0696,4.84361,5.10056,2.84091,0.00142184,0.00142184,0.00142184
75,2570.79,3.12353,2.37005,2.23417,0.37607,0.2929,0.25181,0.09133,4.8522,3.98954,2.9182,0.00141392,0.00141392,0.00141392
76,2604.94,3.07363,2.38589,2.16574,0.38584,0.24648,0.19785,0.07004,5.11812,4.19482,3.0441,0.001406,0.001406,0.001406
77,2638.79,3.02794,2.35266,2.16985,0.3711,0.28873,0.23414,0.07211,4.7301,4.86661,2.8853,0.00139808,0.00139808,0.00139808
78,2672.86,2.97157,2.3668,2.1479,0.39933,0.26056,0.22985,0.07765,4.81769,4.00691,3.00342,0.00139016,0.00139016,0.00139016
79,2706.89,3.10073,2.36341,2.15562,0.31926,0.28169,0.20223,0.06001,4.75467,4.04788,2.91285,0.00138224,0.00138224,0.00138224
80,2740.96,2.91748,2.20339,2.10014,0.42173,0.27465,0.27165,0.09802,4.66554,3.63411,2.90232,0.00137432,0.00137432,0.00137432
81,2775.23,3.03484,2.34135,2.19746,0.51171,0.31734,0.28032,0.09498,4.57768,3.50907,2.87118,0.0013664,0.0013664,0.0013664
82,2809.2,3.07399,2.38785,2.20357,0.56244,0.28169,0.29796,0.09867,4.64414,3.57867,2.79967,0.00135848,0.00135848,0.00135848
83,2843.24,2.81826,2.0293,2.08098,0.51211,0.29577,0.27152,0.09086,4.79013,4.06668,2.9037,0.00135056,0.00135056,0.00135056
84,2877.23,2.85135,2.20838,2.08741,0.61665,0.30589,0.27706,0.09033,4.96155,4.20096,2.99521,0.00134264,0.00134264,0.00134264
85,2911.33,2.90332,2.1118,2.12564,0.43883,0.26761,0.24471,0.08489,4.83439,4.41445,2.88071,0.00133472,0.00133472,0.00133472
86,2945.31,2.95569,2.1215,2.14856,0.53177,0.27465,0.25264,0.08498,4.76667,3.55297,2.92796,0.0013268,0.0013268,0.0013268
87,2979.43,2.91353,2.18167,2.13061,0.38874,0.26761,0.25031,0.08642,4.8042,4.32827,2.91905,0.00131888,0.00131888,0.00131888
88,3013.72,2.92119,2.16295,2.11272,0.47614,0.27465,0.28305,0.09591,4.54882,3.64756,2.92087,0.00131096,0.00131096,0.00131096
89,3048.04,2.90867,2.14857,2.12991,0.3554,0.33803,0.28362,0.10447,4.72937,3.53645,2.95066,0.00130304,0.00130304,0.00130304
90,3082.28,2.85193,2.07368,2.10564,0.43815,0.28559,0.26916,0.09098,4.74204,4.18647,2.8388,0.00129512,0.00129512,0.00129512
91,3116.36,2.80829,1.95372,2.08386,0.51817,0.29577,0.29413,0.10543,4.8766,3.5835,2.90724,0.0012872,0.0012872,0.0012872
92,3150.5,2.72763,1.9142,2.07105,0.4154,0.3169,0.28899,0.09741,4.8768,3.56925,2.91678,0.00127928,0.00127928,0.00127928
93,3184.51,2.85269,2.02923,2.11045,0.44205,0.3515,0.31647,0.09965,4.77957,3.41191,2.855,0.00127136,0.00127136,0.00127136
94,3218.71,2.83939,2.1236,2.11813,0.56973,0.24648,0.26685,0.09516,4.75557,3.67492,2.82625,0.00126344,0.00126344,0.00126344
95,3252.75,2.68467,1.98007,2.06375,0.47085,0.32394,0.28359,0.10266,4.51911,3.64804,2.83536,0.00125552,0.00125552,0.00125552
96,3287,2.94887,2.11192,2.11251,0.5652,0.3169,0.31627,0.10656,4.67865,3.60265,2.87708,0.0012476,0.0012476,0.0012476
97,3321.01,2.82491,2.04722,2.08259,0.45026,0.24648,0.253,0.09818,4.91086,3.52532,2.93098,0.00123968,0.00123968,0.00123968
98,3355.15,2.78309,1.90624,2.06143,0.55913,0.3169,0.30995,0.10545,4.80646,3.39712,2.91458,0.00123176,0.00123176,0.00123176
99,3389.23,2.69254,1.89554,2.05197,0.64232,0.29577,0.30351,0.10268,4.70507,3.83855,2.86002,0.00122384,0.00122384,0.00122384
100,3423.17,2.78525,1.97873,2.06713,0.72804,0.35821,0.36571,0.12222,4.58923,3.61818,2.84444,0.00121592,0.00121592,0.00121592
101,3457.5,2.69865,1.92096,2.00847,0.57179,0.26333,0.29108,0.10645,4.89945,3.75386,2.89024,0.001208,0.001208,0.001208
102,3491.67,2.71818,1.9383,2.05047,0.55478,0.32469,0.33356,0.12679,4.60175,3.2727,2.90338,0.00120008,0.00120008,0.00120008
103,3525.96,2.58346,1.79505,2.01016,0.53063,0.3169,0.33651,0.12919,4.57116,3.5287,2.83436,0.00119216,0.00119216,0.00119216
104,3560.38,2.68364,1.81818,2.02481,0.51983,0.29735,0.29306,0.10763,4.82785,3.37585,2.90493,0.00118424,0.00118424,0.00118424
105,3594.68,2.71749,1.91816,2.01333,0.6178,0.31875,0.35126,0.12046,4.66339,3.1574,2.89631,0.00117632,0.00117632,0.00117632
106,3628.86,2.64477,1.80531,2.01545,0.57965,0.3169,0.33496,0.13339,4.46885,3.08235,2.80189,0.0011684,0.0011684,0.0011684
107,3663.09,2.64464,1.82729,2.01162,0.48989,0.30282,0.30298,0.10222,4.7085,3.27266,2.81555,0.00116048,0.00116048,0.00116048
108,3697.03,2.68653,1.82011,2.00153,0.66178,0.30282,0.34928,0.13339,4.54692,3.0212,2.88957,0.00115256,0.00115256,0.00115256
109,3731.4,2.71287,1.88546,2.07258,0.57415,0.33099,0.33335,0.1139,4.73197,3.23302,2.86501,0.00114464,0.00114464,0.00114464
110,3765.33,2.59396,1.839,2.04866,0.55471,0.33803,0.3501,0.12484,4.6689,3.09376,2.89187,0.00113672,0.00113672,0.00113672
111,3799.56,2.6667,1.87786,2.03548,0.67968,0.30986,0.33889,0.10794,4.67032,3.25327,2.97994,0.0011288,0.0011288,0.0011288
112,3833.72,2.66467,1.78682,2.04985,0.48094,0.33099,0.31764,0.10913,4.77258,3.08621,2.86243,0.00112088,0.00112088,0.00112088
113,3867.82,2.57406,1.67499,2.02007,0.54406,0.31093,0.33171,0.11443,4.69574,3.0929,2.89312,0.00111296,0.00111296,0.00111296
114,3902.01,2.67025,1.75897,2.03384,0.60168,0.32394,0.33779,0.11663,4.68291,2.94373,2.91151,0.00110504,0.00110504,0.00110504
115,3936.21,2.55075,1.70608,2.00182,0.66868,0.27008,0.33784,0.1369,4.43615,3.03174,2.79011,0.00109712,0.00109712,0.00109712
116,3970.59,2.59881,1.71059,1.97923,0.525,0.34507,0.33602,0.11772,4.5757,2.83016,2.92454,0.0010892,0.0010892,0.0010892
117,4004.92,2.66877,1.76066,2.01168,0.5311,0.37324,0.3465,0.12486,4.65544,3.14243,2.80697,0.00108128,0.00108128,0.00108128
118,4039.19,2.45695,1.59739,1.95079,0.66254,0.30282,0.32413,0.11795,4.75896,3.19235,2.84978,0.00107336,0.00107336,0.00107336
119,4073.42,2.56361,1.72316,2.01864,0.6836,0.29577,0.35638,0.11886,4.42094,3.04329,2.80993,0.00106544,0.00106544,0.00106544
120,4107.63,2.53476,1.61723,1.98345,0.59078,0.34507,0.37555,0.1401,4.33687,2.93573,2.76239,0.00105752,0.00105752,0.00105752
121,4141.8,2.47926,1.65941,1.95429,0.71266,0.33099,0.37478,0.13672,4.45691,3.06494,2.84344,0.0010496,0.0010496,0.0010496
122,4175.8,2.56875,1.72367,2.00783,0.83393,0.32394,0.37183,0.13581,4.5343,3.07958,2.88256,0.00104168,0.00104168,0.00104168
123,4210.01,2.52081,1.679,1.98666,0.59798,0.28169,0.36349,0.13457,4.48756,2.66941,2.84714,0.00103376,0.00103376,0.00103376
124,4244.07,2.53947,1.72083,1.98449,0.58085,0.37324,0.37766,0.12563,4.60561,3.16014,2.86005,0.00102584,0.00102584,0.00102584
125,4278.03,2.4848,1.7054,1.97173,0.54826,0.33335,0.38248,0.13784,4.57371,3.00075,2.83572,0.00101792,0.00101792,0.00101792
126,4312.12,2.57323,1.70039,2.00644,0.58926,0.39403,0.39134,0.13628,4.4723,2.60711,2.84594,0.00101,0.00101,0.00101
127,4346.3,2.40686,1.54656,1.90864,0.69927,0.35915,0.38793,0.12433,4.54404,2.65373,2.88671,0.00100208,0.00100208,0.00100208
128,4380.21,2.44661,1.58249,1.91913,0.59258,0.34507,0.35284,0.12933,4.63433,2.726,2.8108,0.00099416,0.00099416,0.00099416
129,4414.15,2.45075,1.56843,1.95092,0.63475,0.39164,0.38553,0.13729,4.61769,2.73014,2.88584,0.00098624,0.00098624,0.00098624
130,4448.22,2.36461,1.61114,1.95096,0.706,0.33099,0.37316,0.14121,4.60385,2.72965,2.82652,0.00097832,0.00097832,0.00097832
131,4482.33,2.36953,1.49964,1.93058,0.63745,0.33099,0.35673,0.13717,4.67988,3.12112,2.84434,0.0009704,0.0009704,0.0009704
132,4516.24,2.36445,1.54933,1.93384,0.73146,0.32394,0.37689,0.14474,4.73347,2.68775,2.89612,0.00096248,0.00096248,0.00096248
133,4550.34,2.50358,1.57124,1.98725,0.73415,0.35915,0.37721,0.14515,4.74391,2.71291,3.02652,0.00095456,0.00095456,0.00095456
134,4584.43,2.34811,1.49223,1.92907,0.53109,0.35211,0.3465,0.12397,4.49442,2.99953,2.83288,0.00094664,0.00094664,0.00094664
135,4618.44,2.3058,1.47976,1.89499,0.80937,0.3588,0.37145,0.13664,4.55858,3.42601,2.84478,0.00093872,0.00093872,0.00093872
136,4652.67,2.4247,1.54232,1.97359,0.70567,0.35211,0.38958,0.13588,4.76675,2.77335,2.83444,0.0009308,0.0009308,0.0009308
137,4686.7,2.38444,1.49345,1.93178,0.90104,0.34507,0.3974,0.14176,4.68609,2.98719,2.82175,0.00092288,0.00092288,0.00092288
138,4720.86,2.46018,1.59253,1.99137,0.7931,0.34507,0.37728,0.13452,4.72572,2.89869,2.85652,0.00091496,0.00091496,0.00091496
139,4754.97,2.4435,1.52562,1.93849,0.71796,0.37648,0.38875,0.13096,4.57028,2.81838,2.86204,0.00090704,0.00090704,0.00090704
140,4789.14,2.39917,1.57338,1.95604,0.81997,0.38028,0.41185,0.14392,4.74501,2.79942,2.9713,0.00089912,0.00089912,0.00089912
141,4823.32,2.33422,1.50973,1.9515,0.67569,0.35211,0.37991,0.14287,4.60672,3.12777,2.9233,0.0008912,0.0008912,0.0008912
142,4857.32,2.50878,1.66488,1.94475,0.75602,0.35211,0.36574,0.14355,4.57716,3.10939,2.85345,0.00088328,0.00088328,0.00088328
143,4891.58,2.3672,1.58421,1.97378,0.78043,0.37324,0.41746,0.14066,4.59021,2.86306,2.75854,0.00087536,0.00087536,0.00087536
144,4925.78,2.26045,1.43645,1.88047,0.79756,0.3662,0.41017,0.14447,4.62016,2.82679,2.86061,0.00086744,0.00086744,0.00086744
145,4959.79,2.29004,1.48601,1.91045,0.74909,0.35744,0.36833,0.13557,4.56463,3.01095,2.81798,0.00085952,0.00085952,0.00085952
146,4993.83,2.45139,1.53447,1.92583,0.73193,0.3269,0.36848,0.13987,4.56329,2.5295,2.75453,0.0008516,0.0008516,0.0008516
147,5027.83,2.42514,1.58223,1.9481,0.64328,0.38028,0.42531,0.15402,4.51995,2.69108,2.84244,0.00084368,0.00084368,0.00084368
148,5062.01,2.30739,1.48398,1.92753,0.7235,0.36856,0.41794,0.15053,4.51467,2.6701,2.8253,0.00083576,0.00083576,0.00083576
149,5096.22,2.33898,1.49207,1.93907,0.64433,0.37324,0.37174,0.1375,4.67294,2.82528,2.90683,0.00082784,0.00082784,0.00082784
150,5130.22,2.31241,1.51108,1.91065,0.77338,0.36051,0.38207,0.14608,4.51082,2.71553,2.8202,0.00081992,0.00081992,0.00081992
151,5164.19,2.24662,1.34387,1.85522,0.71595,0.38028,0.39981,0.1544,4.46635,3.10301,2.78654,0.000812,0.000812,0.000812
152,5198.25,2.26554,1.50641,1.92281,0.81045,0.38028,0.40401,0.14908,4.49378,2.84228,2.88829,0.00080408,0.00080408,0.00080408
153,5232.26,2.26728,1.34895,1.88093,0.81101,0.40141,0.42162,0.16009,4.55368,3.04709,2.8823,0.00079616,0.00079616,0.00079616
154,5266.36,2.25333,1.37258,1.89233,0.79919,0.39437,0.39254,0.14398,4.69665,3.10608,2.79153,0.00078824,0.00078824,0.00078824
155,5300.37,2.17684,1.32442,1.86288,0.74474,0.3662,0.37903,0.13751,4.60133,2.69319,2.84432,0.00078032,0.00078032,0.00078032
156,5334.5,2.26216,1.42161,1.88667,0.57472,0.40845,0.4292,0.1456,4.5855,2.8103,2.88854,0.0007724,0.0007724,0.0007724
157,5368.64,2.25897,1.37326,1.90046,0.78847,0.35211,0.38632,0.13288,4.62856,2.89054,2.88415,0.00076448,0.00076448,0.00076448
158,5402.6,2.24981,1.39017,1.87292,0.71054,0.34507,0.37851,0.13533,4.57429,2.78556,2.84457,0.00075656,0.00075656,0.00075656
159,5436.79,2.18489,1.34968,1.89018,0.59959,0.39437,0.41266,0.13889,4.58622,2.57492,2.84227,0.00074864,0.00074864,0.00074864
160,5470.88,2.2358,1.3781,1.90647,0.69396,0.38028,0.41285,0.14179,4.55431,3.13278,2.86602,0.00074072,0.00074072,0.00074072
161,5504.76,2.22902,1.36167,1.89387,0.72333,0.40507,0.4459,0.1612,4.5312,2.67757,2.91635,0.0007328,0.0007328,0.0007328
162,5538.94,2.26042,1.43209,1.92523,0.67722,0.41371,0.44018,0.16358,4.7169,2.84647,2.85161,0.00072488,0.00072488,0.00072488
163,5573.02,2.08948,1.31627,1.87501,0.82769,0.37213,0.42004,0.15702,4.6694,3.18393,2.84748,0.00071696,0.00071696,0.00071696
164,5606.92,2.22742,1.34071,1.88225,0.84574,0.37324,0.42542,0.1625,4.5999,3.01213,2.85588,0.00070904,0.00070904,0.00070904
165,5641.02,2.10143,1.30136,1.85123,0.81937,0.38732,0.41933,0.15492,4.67065,2.52759,2.82905,0.00070112,0.00070112,0.00070112
166,5675.01,2.19809,1.34153,1.91045,0.8319,0.37324,0.41694,0.15122,4.72566,2.95816,2.87697,0.0006932,0.0006932,0.0006932
167,5709.16,2.16076,1.37281,1.87882,0.7914,0.3662,0.38966,0.14559,4.78972,3.05905,2.96282,0.00068528,0.00068528,0.00068528
168,5743.44,2.14127,1.31053,1.90211,0.74893,0.38028,0.42295,0.15673,4.72552,2.77266,2.86498,0.00067736,0.00067736,0.00067736
169,5777.51,2.17469,1.35145,1.87314,0.63168,0.3662,0.3856,0.13915,4.78603,2.52888,2.87908,0.00066944,0.00066944,0.00066944
170,5811.55,2.12188,1.30514,1.87138,0.79346,0.35171,0.38016,0.14468,4.70642,2.84788,2.89068,0.00066152,0.00066152,0.00066152
171,5845.8,2.12307,1.29838,1.89781,0.78548,0.34507,0.37928,0.14983,4.58955,2.75981,2.92207,0.0006536,0.0006536,0.0006536
172,5880.14,2.16295,1.3199,1.8982,0.63704,0.33099,0.34782,0.14491,4.62595,2.92673,2.92395,0.00064568,0.00064568,0.00064568
173,5914.13,2.09124,1.28213,1.829,0.6637,0.37526,0.36623,0.14263,4.69027,3.23099,2.89283,0.00063776,0.00063776,0.00063776
174,5948.39,2.12772,1.27782,1.84314,0.71645,0.39149,0.38871,0.14487,4.59469,2.96575,2.87713,0.00062984,0.00062984,0.00062984
175,5982.58,2.08237,1.22822,1.85844,0.79217,0.37324,0.39927,0.14793,4.58088,3.07339,2.82554,0.00062192,0.00062192,0.00062192
176,6016.71,2.12814,1.254,1.8548,0.77962,0.39863,0.40874,0.15398,4.68635,2.97678,2.83735,0.000614,0.000614,0.000614
177,6051.01,2.10545,1.33552,1.84931,0.78622,0.39437,0.40511,0.14162,4.73671,2.96419,2.87519,0.00060608,0.00060608,0.00060608
178,6085.12,2.20087,1.3676,1.89725,0.70882,0.40141,0.39862,0.15327,4.74873,2.71179,2.88682,0.00059816,0.00059816,0.00059816
179,6119.18,2.09014,1.22307,1.83033,0.81426,0.3662,0.39064,0.14854,4.72389,2.94431,2.90878,0.00059024,0.00059024,0.00059024
180,6153.34,2.10942,1.3083,1.84497,0.74765,0.37324,0.37796,0.13955,4.74834,3.0267,2.87078,0.00058232,0.00058232,0.00058232
181,6187.57,2.07531,1.21948,1.83846,0.7922,0.38028,0.40166,0.15588,4.66681,3.09502,2.86943,0.0005744,0.0005744,0.0005744
182,6221.67,2.04056,1.22725,1.85421,0.75193,0.37324,0.39123,0.15191,4.64225,2.85098,2.87262,0.00056648,0.00056648,0.00056648
183,6255.89,2.12558,1.20138,1.86775,0.77417,0.35211,0.37262,0.14109,4.74696,3.1267,2.91089,0.00055856,0.00055856,0.00055856
184,6290.15,2.05809,1.26876,1.86949,0.72003,0.38035,0.39115,0.14867,4.72513,3.16764,2.8995,0.00055064,0.00055064,0.00055064
185,6324.38,2.02407,1.18289,1.83566,0.78406,0.358,0.39687,0.15057,4.58506,2.85507,2.87892,0.00054272,0.00054272,0.00054272
186,6358.51,2.05344,1.27045,1.83635,0.73233,0.35915,0.38309,0.15144,4.71027,2.79608,2.94462,0.0005348,0.0005348,0.0005348
187,6392.63,2.05543,1.25777,1.82464,0.82019,0.32394,0.37203,0.1405,4.82991,2.80635,2.91655,0.00052688,0.00052688,0.00052688
188,6426.87,1.99033,1.19559,1.82443,0.68974,0.35915,0.35394,0.13276,4.90968,2.96108,2.97111,0.00051896,0.00051896,0.00051896
189,6460.94,2.10864,1.24322,1.86305,0.81557,0.33803,0.39232,0.14362,4.75729,2.64299,2.94746,0.00051104,0.00051104,0.00051104
190,6495.05,2.00677,1.20317,1.84678,0.78358,0.38028,0.43056,0.15821,4.67788,2.95656,2.90956,0.00050312,0.00050312,0.00050312
191,6529.27,2.12786,1.24666,1.85635,0.79822,0.35211,0.40765,0.15622,4.72468,2.85004,2.93871,0.0004952,0.0004952,0.0004952
192,6563.39,1.95073,1.15936,1.81595,0.68148,0.39175,0.4073,0.16351,4.60325,2.37995,2.918,0.00048728,0.00048728,0.00048728
193,6597.5,2.01696,1.18748,1.81039,0.8111,0.36289,0.40856,0.1614,4.58608,2.68588,2.92773,0.00047936,0.00047936,0.00047936
194,6631.72,1.99949,1.19505,1.83278,0.77271,0.37324,0.42383,0.15435,4.77435,2.36129,2.91305,0.00047144,0.00047144,0.00047144
195,6665.81,1.99228,1.26667,1.84766,0.85446,0.35915,0.39076,0.15235,4.75142,2.42948,2.92758,0.00046352,0.00046352,0.00046352
196,6699.85,1.969,1.18327,1.83437,0.76921,0.35915,0.38613,0.15858,4.44147,2.38964,2.85319,0.0004556,0.0004556,0.0004556
197,6733.96,1.96034,1.16072,1.81973,0.68521,0.38028,0.3971,0.15601,4.51447,2.56906,2.88311,0.00044768,0.00044768,0.00044768
198,6768.26,2.02622,1.17052,1.80887,0.65782,0.39437,0.40422,0.15706,4.53761,2.66728,2.83193,0.00043976,0.00043976,0.00043976
199,6802.53,1.90597,1.11162,1.81348,0.79196,0.34853,0.40868,0.15034,4.6149,2.77388,2.85675,0.00043184,0.00043184,0.00043184
200,6836.75,1.92238,1.09554,1.82014,0.79716,0.38732,0.41235,0.16252,4.56597,3.04479,2.85683,0.00042392,0.00042392,0.00042392
201,6870.95,1.95941,1.15126,1.81595,0.83967,0.35915,0.40919,0.15413,4.5689,3.02788,2.82694,0.000416,0.000416,0.000416
202,6905.04,1.96929,1.14365,1.83038,0.79604,0.35733,0.40197,0.16057,4.49753,2.69957,2.80902,0.00040808,0.00040808,0.00040808
203,6939.09,1.98639,1.14012,1.82424,0.83531,0.3572,0.39692,0.15485,4.52482,2.67141,2.81922,0.00040016,0.00040016,0.00040016
204,6973.28,1.89887,1.13956,1.83253,0.72804,0.38028,0.40733,0.14915,4.54569,2.7905,2.81142,0.00039224,0.00039224,0.00039224
205,7007.26,1.89458,1.09203,1.79196,0.77279,0.33535,0.37315,0.1368,4.64617,2.54277,2.88088,0.00038432,0.00038432,0.00038432
206,7041.27,1.8405,1.07833,1.77411,0.82237,0.35915,0.40449,0.15171,4.60353,2.48489,2.90108,0.0003764,0.0003764,0.0003764
207,7075.47,1.88178,1.07779,1.81066,0.8257,0.34507,0.3948,0.14664,4.68304,2.6417,2.89926,0.00036848,0.00036848,0.00036848
208,7109.55,1.88272,1.14212,1.79395,0.75221,0.35915,0.37548,0.1477,4.71832,2.69179,2.93571,0.00036056,0.00036056,0.00036056
209,7143.74,1.91285,1.11934,1.80896,0.75322,0.3662,0.37928,0.15114,4.63678,2.66014,2.9453,0.00035264,0.00035264,0.00035264
210,7177.84,1.9776,1.1474,1.79425,0.76251,0.3618,0.3993,0.15501,4.65308,2.49975,2.93397,0.00034472,0.00034472,0.00034472
211,7212.1,1.87531,1.0584,1.78905,0.78696,0.35915,0.39217,0.15112,4.65592,2.84845,2.92704,0.0003368,0.0003368,0.0003368
212,7246.31,1.87597,1.1533,1.81209,0.78458,0.3662,0.40851,0.15243,4.65004,2.77168,2.90688,0.00032888,0.00032888,0.00032888
213,7280.26,1.87673,1.09554,1.79604,0.77324,0.3662,0.39831,0.15317,4.72737,3.05304,2.93842,0.00032096,0.00032096,0.00032096
214,7314.49,1.85604,1.12775,1.78706,0.7633,0.35915,0.38637,0.14921,4.71619,2.66819,2.94684,0.00031304,0.00031304,0.00031304
215,7348.58,1.88034,1.08845,1.79918,0.82949,0.35915,0.39154,0.1501,4.72766,2.65993,2.89848,0.00030512,0.00030512,0.00030512
216,7382.84,1.94703,1.11844,1.81551,0.74477,0.36992,0.3929,0.15607,4.60916,2.85765,2.8613,0.0002972,0.0002972,0.0002972
217,7417.19,1.86307,1.07131,1.79954,0.6994,0.39325,0.3906,0.15303,4.68166,2.90584,2.8855,0.00028928,0.00028928,0.00028928
218,7451.47,1.84373,1.13755,1.81356,0.82335,0.38732,0.40078,0.15882,4.65055,2.81818,2.88883,0.00028136,0.00028136,0.00028136
219,7485.6,1.9594,1.1231,1.78923,0.84237,0.37636,0.40423,0.15457,4.66705,2.89071,2.89334,0.00027344,0.00027344,0.00027344
220,7519.71,1.80327,1.04458,1.77331,0.85398,0.37324,0.41671,0.15792,4.64937,2.88191,2.90017,0.00026552,0.00026552,0.00026552
221,7553.81,1.85994,1.10724,1.81423,0.76991,0.37705,0.4133,0.15946,4.5517,2.98094,2.86818,0.0002576,0.0002576,0.0002576
222,7587.66,1.92786,1.14833,1.79165,0.80211,0.37324,0.39893,0.15795,4.63624,2.9369,2.88214,0.00024968,0.00024968,0.00024968
223,7621.73,1.88294,1.08483,1.79924,0.81419,0.37033,0.40402,0.16368,4.58998,2.666,2.86266,0.00024176,0.00024176,0.00024176
224,7656.04,1.77111,1.01754,1.78114,0.87641,0.38732,0.4183,0.15928,4.5744,2.86185,2.8427,0.00023384,0.00023384,0.00023384
225,7690.26,1.81301,1.05141,1.81,0.81692,0.38732,0.39856,0.15619,4.54176,3.16927,2.84638,0.00022592,0.00022592,0.00022592
226,7724.52,1.77867,1.03804,1.79186,0.79208,0.38028,0.39318,0.15313,4.62342,3.14076,2.84991,0.000218,0.000218,0.000218
227,7758.73,1.79978,1.04097,1.79259,0.77918,0.38028,0.4008,0.15262,4.65624,3.23693,2.88602,0.00021008,0.00021008,0.00021008
228,7792.9,1.8268,1.04644,1.78672,0.75356,0.3662,0.39749,0.15089,4.62335,3.01439,2.92173,0.00020216,0.00020216,0.00020216
229,7826.81,1.86448,1.0582,1.80208,0.73099,0.36361,0.38722,0.15199,4.60427,2.89528,2.86597,0.00019424,0.00019424,0.00019424
230,7860.81,1.67614,0.9527,1.76064,0.85596,0.37665,0.42026,0.15786,4.65948,2.82691,2.88903,0.00018632,0.00018632,0.00018632
231,7894.79,1.80474,1.05613,1.78042,0.83906,0.37324,0.40903,0.15614,4.69471,2.95499,2.93241,0.0001784,0.0001784,0.0001784
232,7928.73,1.77084,0.98248,1.78662,0.7681,0.37324,0.39927,0.1557,4.66936,3.05203,2.90289,0.00017048,0.00017048,0.00017048
233,7962.79,1.78042,1.03495,1.79095,0.74939,0.37324,0.39235,0.15219,4.66537,3.1553,2.90758,0.00016256,0.00016256,0.00016256
234,7996.89,1.75522,1.00568,1.73365,0.76081,0.39437,0.40617,0.15511,4.67062,3.00463,2.90131,0.00015464,0.00015464,0.00015464
235,8031.03,1.82052,1.00288,1.79176,0.7502,0.38028,0.38589,0.15328,4.69618,3.03323,2.91647,0.00014672,0.00014672,0.00014672
236,8065.39,1.82241,1.03132,1.79207,0.79413,0.35915,0.38311,0.15339,4.71584,2.88327,2.92283,0.0001388,0.0001388,0.0001388
237,8099.61,1.83434,1.04467,1.79686,0.84629,0.37324,0.39793,0.15516,4.69309,2.85316,2.90342,0.00013088,0.00013088,0.00013088
238,8133.7,1.8099,1.01559,1.78393,0.80881,0.35915,0.37924,0.15594,4.70741,2.89264,2.91193,0.00012296,0.00012296,0.00012296
239,8167.77,1.72267,0.98322,1.75174,0.81488,0.37202,0.38681,0.15925,4.69436,2.80674,2.90803,0.00011504,0.00011504,0.00011504
240,8202.03,1.6896,0.96322,1.76927,0.8225,0.35211,0.38783,0.16125,4.67828,2.90853,2.89898,0.00010712,0.00010712,0.00010712
241,8235.37,1.76663,0.97581,1.73907,0.82512,0.35211,0.38169,0.15076,4.68718,3.14657,2.92738,9.92e-05,9.92e-05,9.92e-05
242,8268.82,1.73214,0.96006,1.72268,0.78042,0.35211,0.36567,0.14439,4.6636,2.96715,2.92759,9.128e-05,9.128e-05,9.128e-05
243,8302.3,1.6834,0.90636,1.73609,0.82928,0.35211,0.38215,0.14759,4.68994,2.77722,2.93022,8.336e-05,8.336e-05,8.336e-05
244,8335.82,1.67782,0.91738,1.75185,0.74685,0.3662,0.37831,0.14461,4.74403,2.7091,2.92954,7.544e-05,7.544e-05,7.544e-05
245,8369.21,1.64552,0.88381,1.72505,0.84788,0.3662,0.38414,0.1509,4.68784,2.66437,2.90733,6.752e-05,6.752e-05,6.752e-05
246,8402.69,1.60962,0.87283,1.72527,0.85688,0.3662,0.38892,0.15727,4.63026,2.66899,2.90162,5.96e-05,5.96e-05,5.96e-05
247,8435.89,1.57997,0.90796,1.68888,0.83315,0.35165,0.36891,0.15134,4.64693,2.67163,2.89965,5.168e-05,5.168e-05,5.168e-05
248,8469.04,1.62332,0.87032,1.70948,0.8302,0.35915,0.37393,0.15087,4.65209,2.68937,2.88109,4.376e-05,4.376e-05,4.376e-05
249,8502.39,1.56337,0.82982,1.71155,0.82073,0.35211,0.37325,0.14981,4.65716,2.68381,2.87845,3.584e-05,3.584e-05,3.584e-05
250,8535.57,1.59553,0.89027,1.7008,0.83081,0.35211,0.37297,0.14927,4.65857,2.69803,2.8828,2.792e-05,2.792e-05,2.792e-05
